measure,location,sex,age,cause,rei,metric,year,val,upper,lower
Deaths,Indonesia,Both,All Ages,All causes,Unsafe water source,Number,2017,48326.79061,73330.20203,26900.6971
Deaths,Indonesia,Both,All Ages,All causes,Unsafe water source,Percent,2017,0.028909019,0.044345761,0.016367049
Deaths,Indonesia,Both,All Ages,All causes,Unsafe water source,Rate,2017,18.87860515,28.64605558,10.50861505
Deaths,China,Both,All Ages,All causes,Unsafe water source,Number,2017,3830.130574,6093.341558,2163.873173
Deaths,China,Both,All Ages,All causes,Unsafe water source,Percent,2017,0.000376454,0.000598997,0.000213819
Deaths,China,Both,All Ages,All causes,Unsafe water source,Rate,2017,0.271484073,0.431903078,0.153377826
Deaths,Cambodia,Both,All Ages,All causes,Unsafe water source,Number,2017,1439.008072,2423.622053,791.9567455
Deaths,Cambodia,Both,All Ages,All causes,Unsafe water source,Percent,2017,0.01339458,0.022051167,0.007706553
Deaths,Cambodia,Both,All Ages,All causes,Unsafe water source,Rate,2017,8.914939503,15.01481778,4.90632861
Deaths,Marshall Islands,Both,All Ages,All causes,Unsafe water source,Number,2017,4.114791545,7.521677224,1.977242459
Deaths,Marshall Islands,Both,All Ages,All causes,Unsafe water source,Percent,2017,0.01008356,0.017907713,0.004986147
Deaths,Marshall Islands,Both,All Ages,All causes,Unsafe water source,Rate,2017,7.305692885,13.35451947,3.510536563
Deaths,Micronesia (Federated States of),Both,All Ages,All causes,Unsafe water source,Number,2017,6.67474387,12.45792767,3.234387497
Deaths,Micronesia (Federated States of),Both,All Ages,All causes,Unsafe water source,Percent,2017,0.007348152,0.013397481,0.003723542
Deaths,Micronesia (Federated States of),Both,All Ages,All causes,Unsafe water source,Rate,2017,6.499378662,12.13062117,3.149410598
Deaths,Maldives,Both,All Ages,All causes,Unsafe water source,Number,2017,8.850838728,13.44112899,5.342798757
Deaths,Maldives,Both,All Ages,All causes,Unsafe water source,Percent,2017,0.00633247,0.009306148,0.003836791
Deaths,Maldives,Both,All Ages,All causes,Unsafe water source,Rate,2017,1.898130546,2.882553654,1.145804351
Deaths,Azerbaijan,Both,All Ages,All causes,Unsafe water source,Number,2017,68.4343103,145.2884876,21.46318421
Deaths,Azerbaijan,Both,All Ages,All causes,Unsafe water source,Percent,2017,0.000897902,0.001878514,0.00028633
Deaths,Azerbaijan,Both,All Ages,All causes,Unsafe water source,Rate,2017,0.677856875,1.439114383,0.212597554
Deaths,Papua New Guinea,Both,All Ages,All causes,Unsafe water source,Number,2017,2697.796853,3905.313783,1685.923167
Deaths,Papua New Guinea,Both,All Ages,All causes,Unsafe water source,Percent,2017,0.040429631,0.058634796,0.026549091
Deaths,Papua New Guinea,Both,All Ages,All causes,Unsafe water source,Rate,2017,28.93338767,41.88379029,18.08122376
Deaths,Mongolia,Both,All Ages,All causes,Unsafe water source,Number,2017,42.08476476,78.76772804,20.38370694
Deaths,Mongolia,Both,All Ages,All causes,Unsafe water source,Percent,2017,0.001806415,0.00319544,0.000891587
Deaths,Mongolia,Both,All Ages,All causes,Unsafe water source,Rate,2017,1.286633865,2.408121488,0.623179618
Deaths,Montenegro,Both,All Ages,All causes,Unsafe water source,Number,2017,0.310230746,0.501952558,0.148481206
Deaths,Montenegro,Both,All Ages,All causes,Unsafe water source,Percent,2017,4.48E-05,7.34E-05,2.10E-05
Deaths,Montenegro,Both,All Ages,All causes,Unsafe water source,Rate,2017,0.049791743,0.080562913,0.023831094
Deaths,Georgia,Both,All Ages,All causes,Unsafe water source,Number,2017,8.467256389,12.9375264,4.116551193
Deaths,Georgia,Both,All Ages,All causes,Unsafe water source,Percent,2017,0.000167567,0.000256436,8.11E-05
Deaths,Georgia,Both,All Ages,All causes,Unsafe water source,Rate,2017,0.227051527,0.346922898,0.110386316
Deaths,Thailand,Both,All Ages,All causes,Unsafe water source,Number,2017,4878.13975,8291.187698,2610.2539
Deaths,Thailand,Both,All Ages,All causes,Unsafe water source,Percent,2017,0.010380014,0.017439927,0.005711894
Deaths,Thailand,Both,All Ages,All causes,Unsafe water source,Rate,2017,6.986122233,11.87404496,3.738218611
Deaths,Vanuatu,Both,All Ages,All causes,Unsafe water source,Number,2017,56.69833109,93.0488742,30.60262929
Deaths,Vanuatu,Both,All Ages,All causes,Unsafe water source,Percent,2017,0.026612536,0.042850986,0.015023211
Deaths,Vanuatu,Both,All Ages,All causes,Unsafe water source,Rate,2017,19.97255093,32.77739121,10.78008048
Deaths,Malaysia,Both,All Ages,All causes,Unsafe water source,Number,2017,690.2072942,1250.997693,297.6834713
Deaths,Malaysia,Both,All Ages,All causes,Unsafe water source,Percent,2017,0.004263686,0.007590982,0.001821686
Deaths,Malaysia,Both,All Ages,All causes,Unsafe water source,Rate,2017,2.256989891,4.090784278,0.973430144
Deaths,Kazakhstan,Both,All Ages,All causes,Unsafe water source,Number,2017,30.97636216,49.84607912,14.89777894
Deaths,Kazakhstan,Both,All Ages,All causes,Unsafe water source,Percent,2017,0.000223994,0.000354609,0.00010752
Deaths,Kazakhstan,Both,All Ages,All causes,Unsafe water source,Rate,2017,0.172868544,0.278174018,0.083139438
Deaths,Tonga,Both,All Ages,All causes,Unsafe water source,Number,2017,2.135642493,3.916360811,1.026108537
Deaths,Tonga,Both,All Ages,All causes,Unsafe water source,Percent,2017,0.003264075,0.006087304,0.001613475
Deaths,Tonga,Both,All Ages,All causes,Unsafe water source,Rate,2017,2.069434611,3.794948189,0.994297748
Deaths,Myanmar,Both,All Ages,All causes,Unsafe water source,Number,2017,6177.115852,9472.234654,3835.67694
Deaths,Myanmar,Both,All Ages,All causes,Unsafe water source,Percent,2017,0.014409821,0.021649819,0.009221292
Deaths,Myanmar,Both,All Ages,All causes,Unsafe water source,Rate,2017,11.48371613,17.60958617,7.130807675
Deaths,Poland,Both,All Ages,All causes,Unsafe water source,Number,2017,85.38823261,148.4649105,34.77297711
Deaths,Poland,Both,All Ages,All causes,Unsafe water source,Percent,2017,0.000217135,0.000375169,9.12E-05
Deaths,Poland,Both,All Ages,All causes,Unsafe water source,Rate,2017,0.221897653,0.385814465,0.090364232
Deaths,Sri Lanka,Both,All Ages,All causes,Unsafe water source,Number,2017,761.3635947,1341.721348,375.2154295
Deaths,Sri Lanka,Both,All Ages,All causes,Unsafe water source,Percent,2017,0.005754938,0.010416922,0.003032151
Deaths,Sri Lanka,Both,All Ages,All causes,Unsafe water source,Rate,2017,3.524218393,6.21059253,1.736806339
Deaths,Democratic People's Republic of Korea,Both,All Ages,All causes,Unsafe water source,Number,2017,138.1072054,269.4942499,49.89933878
Deaths,Democratic People's Republic of Korea,Both,All Ages,All causes,Unsafe water source,Percent,2017,0.000595272,0.001153733,0.000220256
Deaths,Democratic People's Republic of Korea,Both,All Ages,All causes,Unsafe water source,Rate,2017,0.529481448,1.033198848,0.191306269
Deaths,Samoa,Both,All Ages,All causes,Unsafe water source,Number,2017,7.117063566,13.65468758,3.137833886
Deaths,Samoa,Both,All Ages,All causes,Unsafe water source,Percent,2017,0.005317708,0.010086795,0.002399297
Deaths,Samoa,Both,All Ages,All causes,Unsafe water source,Rate,2017,3.473232594,6.66369009,1.531309483
Deaths,Croatia,Both,All Ages,All causes,Unsafe water source,Number,2017,8.801947566,16.46830239,3.308745869
Deaths,Croatia,Both,All Ages,All causes,Unsafe water source,Percent,2017,0.000171955,0.000319715,6.47E-05
Deaths,Croatia,Both,All Ages,All causes,Unsafe water source,Rate,2017,0.205574828,0.384627197,0.077277768
Deaths,Armenia,Both,All Ages,All causes,Unsafe water source,Number,2017,3.108049611,6.041969092,1.015699475
Deaths,Armenia,Both,All Ages,All causes,Unsafe water source,Percent,2017,0.000111572,0.000220128,3.63E-05
Deaths,Armenia,Both,All Ages,All causes,Unsafe water source,Rate,2017,0.10231821,0.198903987,0.033437224
Deaths,Lao People's Democratic Republic,Both,All Ages,All causes,Unsafe water source,Number,2017,1044.61719,1681.84635,570.358659
Deaths,Lao People's Democratic Republic,Both,All Ages,All causes,Unsafe water source,Percent,2017,0.023840693,0.037076696,0.013532715
Deaths,Lao People's Democratic Republic,Both,All Ages,All causes,Unsafe water source,Rate,2017,14.98314541,24.1230459,8.180764019
Deaths,Fiji,Both,All Ages,All causes,Unsafe water source,Number,2017,70.84639289,114.5216083,37.66474181
Deaths,Fiji,Both,All Ages,All causes,Unsafe water source,Percent,2017,0.009810977,0.015160689,0.005181501
Deaths,Fiji,Both,All Ages,All causes,Unsafe water source,Rate,2017,7.835322716,12.66562379,4.165567152
Deaths,Hungary,Both,All Ages,All causes,Unsafe water source,Number,2017,74.78522308,136.621454,26.97008489
Deaths,Hungary,Both,All Ages,All causes,Unsafe water source,Percent,2017,0.000581079,0.001058422,0.000210047
Deaths,Hungary,Both,All Ages,All causes,Unsafe water source,Rate,2017,0.766586452,1.400439169,0.276457044
Deaths,Solomon Islands,Both,All Ages,All causes,Unsafe water source,Number,2017,193.4602507,300.7177434,114.0422695
Deaths,Solomon Islands,Both,All Ages,All causes,Unsafe water source,Percent,2017,0.031961355,0.048660735,0.019177841
Deaths,Solomon Islands,Both,All Ages,All causes,Unsafe water source,Rate,2017,30.57850773,47.53172712,18.02562752
Deaths,Czechia,Both,All Ages,All causes,Unsafe water source,Number,2017,69.72621113,131.5313952,24.56300917
Deaths,Czechia,Both,All Ages,All causes,Unsafe water source,Percent,2017,0.00062741,0.001188662,0.000221309
Deaths,Czechia,Both,All Ages,All causes,Unsafe water source,Rate,2017,0.656638781,1.238682177,0.231319387
Deaths,Timor-Leste,Both,All Ages,All causes,Unsafe water source,Number,2017,185.6168601,313.0319934,87.13459544
Deaths,Timor-Leste,Both,All Ages,All causes,Unsafe water source,Percent,2017,0.024796255,0.041596787,0.011417433
Deaths,Timor-Leste,Both,All Ages,All causes,Unsafe water source,Rate,2017,14.46892607,24.40099874,6.792184819
Deaths,Taiwan (Province of China),Both,All Ages,All causes,Unsafe water source,Number,2017,38.61393327,70.34465379,14.35075473
Deaths,Taiwan (Province of China),Both,All Ages,All causes,Unsafe water source,Percent,2017,0.000218539,0.000389248,8.06E-05
Deaths,Taiwan (Province of China),Both,All Ages,All causes,Unsafe water source,Rate,2017,0.163625707,0.298083949,0.060811013
Deaths,Bulgaria,Both,All Ages,All causes,Unsafe water source,Number,2017,9.475238124,15.98311961,3.928132707
Deaths,Bulgaria,Both,All Ages,All causes,Unsafe water source,Percent,2017,7.77E-05,0.000129981,3.26E-05
Deaths,Bulgaria,Both,All Ages,All causes,Unsafe water source,Rate,2017,0.134511712,0.226898444,0.055764283
Deaths,Ireland,Both,All Ages,All causes,Unsafe water source,Number,2017,1.352511373,3.088499648,0.404632983
Deaths,Ireland,Both,All Ages,All causes,Unsafe water source,Percent,2017,4.40E-05,0.000100354,1.31E-05
Deaths,Ireland,Both,All Ages,All causes,Unsafe water source,Rate,2017,0.027806226,0.063496337,0.008318833
Deaths,Slovakia,Both,All Ages,All causes,Unsafe water source,Number,2017,3.984610151,8.765603549,1.2611422
Deaths,Slovakia,Both,All Ages,All causes,Unsafe water source,Percent,2017,7.49E-05,0.000167233,2.34E-05
Deaths,Slovakia,Both,All Ages,All causes,Unsafe water source,Rate,2017,0.073355442,0.161372055,0.023217238
Deaths,Malta,Both,All Ages,All causes,Unsafe water source,Number,2017,0.095774315,0.224064693,0.029402878
Deaths,Malta,Both,All Ages,All causes,Unsafe water source,Percent,2017,2.67E-05,6.33E-05,8.23E-06
Deaths,Malta,Both,All Ages,All causes,Unsafe water source,Rate,2017,0.021940684,0.051330387,0.006735827
Deaths,North Macedonia,Both,All Ages,All causes,Unsafe water source,Number,2017,2.339920812,4.59539571,0.867728098
Deaths,North Macedonia,Both,All Ages,All causes,Unsafe water source,Percent,2017,9.90E-05,0.000199015,3.69E-05
Deaths,North Macedonia,Both,All Ages,All causes,Unsafe water source,Rate,2017,0.108851815,0.213775254,0.040366229
Deaths,Kiribati,Both,All Ages,All causes,Unsafe water source,Number,2017,36.23613863,57.63985781,19.54269863
Deaths,Kiribati,Both,All Ages,All causes,Unsafe water source,Percent,2017,0.032078822,0.051169064,0.017282821
Deaths,Kiribati,Both,All Ages,All causes,Unsafe water source,Rate,2017,31.31401572,49.81036837,16.88812316
Deaths,Bosnia and Herzegovina,Both,All Ages,All causes,Unsafe water source,Number,2017,2.933664512,5.684038348,1.039069205
Deaths,Bosnia and Herzegovina,Both,All Ages,All causes,Unsafe water source,Percent,2017,7.98E-05,0.000153856,2.72E-05
Deaths,Bosnia and Herzegovina,Both,All Ages,All causes,Unsafe water source,Rate,2017,0.086366216,0.167336408,0.03058989
Deaths,Romania,Both,All Ages,All causes,Unsafe water source,Number,2017,43.63988147,69.62767044,20.8466949
Deaths,Romania,Both,All Ages,All causes,Unsafe water source,Percent,2017,0.000169199,0.000270076,8.07E-05
Deaths,Romania,Both,All Ages,All causes,Unsafe water source,Rate,2017,0.223551707,0.356677976,0.106790259
Deaths,Bahamas,Both,All Ages,All causes,Unsafe water source,Number,2017,2.862841186,3.868131865,1.854447809
Deaths,Bahamas,Both,All Ages,All causes,Unsafe water source,Percent,2017,0.001135117,0.001456654,0.000746492
Deaths,Bahamas,Both,All Ages,All causes,Unsafe water source,Rate,2017,0.767267865,1.036695047,0.497009131
Deaths,Suriname,Both,All Ages,All causes,Unsafe water source,Number,2017,30.02977445,48.82901725,17.42286456
Deaths,Suriname,Both,All Ages,All causes,Unsafe water source,Percent,2017,0.007118154,0.011393166,0.004271213
Deaths,Suriname,Both,All Ages,All causes,Unsafe water source,Rate,2017,5.266144748,8.562857279,3.055345183
Deaths,Estonia,Both,All Ages,All causes,Unsafe water source,Number,2017,0.929471844,1.662734117,0.371171611
Deaths,Estonia,Both,All Ages,All causes,Unsafe water source,Percent,2017,5.93E-05,0.000104054,2.33E-05
Deaths,Estonia,Both,All Ages,All causes,Unsafe water source,Rate,2017,0.070700568,0.126476393,0.028233285
Deaths,Andorra,Both,All Ages,All causes,Unsafe water source,Number,2017,0.0190601,0.044748739,0.005046781
Deaths,Andorra,Both,All Ages,All causes,Unsafe water source,Percent,2017,3.23E-05,7.54E-05,8.61E-06
Deaths,Andorra,Both,All Ages,All causes,Unsafe water source,Rate,2017,0.023830277,0.055948021,0.006309841
Deaths,Germany,Both,All Ages,All causes,Unsafe water source,Number,2017,109.897872,250.6266587,33.5268271
Deaths,Germany,Both,All Ages,All causes,Unsafe water source,Percent,2017,0.000118451,0.000269606,3.61E-05
Deaths,Germany,Both,All Ages,All causes,Unsafe water source,Rate,2017,0.130650021,0.297952797,0.039857739
Deaths,Greece,Both,All Ages,All causes,Unsafe water source,Number,2017,1.09481109,2.48714243,0.359795424
Deaths,Greece,Both,All Ages,All causes,Unsafe water source,Percent,2017,9.10E-06,2.07E-05,2.99E-06
Deaths,Greece,Both,All Ages,All causes,Unsafe water source,Rate,2017,0.010464309,0.023772345,0.003438959
Deaths,Uzbekistan,Both,All Ages,All causes,Unsafe water source,Number,2017,94.76195906,144.1239348,45.91215155
Deaths,Uzbekistan,Both,All Ages,All causes,Unsafe water source,Percent,2017,0.000468655,0.00070415,0.000231144
Deaths,Uzbekistan,Both,All Ages,All causes,Unsafe water source,Rate,2017,0.28976175,0.440700087,0.140389514
Deaths,Israel,Both,All Ages,All causes,Unsafe water source,Number,2017,12.70808079,29.00970672,3.937797453
Deaths,Israel,Both,All Ages,All causes,Unsafe water source,Percent,2017,0.000282433,0.000643223,8.76E-05
Deaths,Israel,Both,All Ages,All causes,Unsafe water source,Rate,2017,0.141649205,0.32335346,0.04389222
Deaths,Kyrgyzstan,Both,All Ages,All causes,Unsafe water source,Number,2017,64.53208018,92.18767203,34.75900809
Deaths,Kyrgyzstan,Both,All Ages,All causes,Unsafe water source,Percent,2017,0.001879613,0.002702791,0.001012225
Deaths,Kyrgyzstan,Both,All Ages,All causes,Unsafe water source,Rate,2017,1.018944118,1.455618445,0.54883535
Deaths,Philippines,Both,All Ages,All causes,Unsafe water source,Number,2017,7251.630132,10443.13929,4726.447115
Deaths,Philippines,Both,All Ages,All causes,Unsafe water source,Percent,2017,0.011539273,0.016787464,0.007592713
Deaths,Philippines,Both,All Ages,All causes,Unsafe water source,Rate,2017,6.675137281,9.61292663,4.350702224
Deaths,Viet Nam,Both,All Ages,All causes,Unsafe water source,Number,2017,1325.390322,2363.265319,720.6710928
Deaths,Viet Nam,Both,All Ages,All causes,Unsafe water source,Percent,2017,0.002167395,0.003835536,0.00116187
Deaths,Viet Nam,Both,All Ages,All causes,Unsafe water source,Rate,2017,1.393744435,2.48514557,0.757838132
Deaths,Australia,Both,All Ages,All causes,Unsafe water source,Number,2017,39.20217456,79.50218358,13.99504806
Deaths,Australia,Both,All Ages,All causes,Unsafe water source,Percent,2017,0.000245231,0.000493696,8.68E-05
Deaths,Australia,Both,All Ages,All causes,Unsafe water source,Rate,2017,0.163727497,0.33204009,0.058450181
Deaths,Ecuador,Both,All Ages,All causes,Unsafe water source,Number,2017,274.6725509,523.1401442,122.8972992
Deaths,Ecuador,Both,All Ages,All causes,Unsafe water source,Percent,2017,0.003049109,0.005740725,0.001414696
Deaths,Ecuador,Both,All Ages,All causes,Unsafe water source,Rate,2017,1.616294021,3.078386553,0.723181728
Deaths,Netherlands,Both,All Ages,All causes,Unsafe water source,Number,2017,10.25278929,24.26312699,3.315654016
Deaths,Netherlands,Both,All Ages,All causes,Unsafe water source,Percent,2017,6.82E-05,0.000162838,2.22E-05
Deaths,Netherlands,Both,All Ages,All causes,Unsafe water source,Rate,2017,0.060145065,0.142332716,0.019450339
Deaths,Japan,Both,All Ages,All causes,Unsafe water source,Number,2017,533.3694001,1054.715235,189.7660086
Deaths,Japan,Both,All Ages,All causes,Unsafe water source,Percent,2017,0.000401283,0.00079328,0.000142554
Deaths,Japan,Both,All Ages,All causes,Unsafe water source,Rate,2017,0.414712413,0.820076106,0.147549371
Deaths,Lithuania,Both,All Ages,All causes,Unsafe water source,Number,2017,6.251280776,10.42832912,2.52468976
Deaths,Lithuania,Both,All Ages,All causes,Unsafe water source,Percent,2017,0.000162247,0.00027183,6.59E-05
Deaths,Lithuania,Both,All Ages,All causes,Unsafe water source,Rate,2017,0.219155719,0.365593555,0.088509894
Deaths,Albania,Both,All Ages,All causes,Unsafe water source,Number,2017,3.94358215,6.866092016,1.90454592
Deaths,Albania,Both,All Ages,All causes,Unsafe water source,Percent,2017,0.000182159,0.000307379,9.27E-05
Deaths,Albania,Both,All Ages,All causes,Unsafe water source,Rate,2017,0.143439777,0.249740127,0.069273983
Deaths,Brunei Darussalam,Both,All Ages,All causes,Unsafe water source,Number,2017,0.567793317,1.212338108,0.189225525
Deaths,Brunei Darussalam,Both,All Ages,All causes,Unsafe water source,Percent,2017,0.000321732,0.000670564,0.000106701
Deaths,Brunei Darussalam,Both,All Ages,All causes,Unsafe water source,Rate,2017,0.132635091,0.283199134,0.044202607
Deaths,Iceland,Both,All Ages,All causes,Unsafe water source,Number,2017,0.132014716,0.293326616,0.041908339
Deaths,Iceland,Both,All Ages,All causes,Unsafe water source,Percent,2017,6.54E-05,0.000146565,2.11E-05
Deaths,Iceland,Both,All Ages,All causes,Unsafe water source,Rate,2017,0.039040779,0.086745629,0.012393574
Deaths,Slovenia,Both,All Ages,All causes,Unsafe water source,Number,2017,0.974335254,1.983987802,0.330788915
Deaths,Slovenia,Both,All Ages,All causes,Unsafe water source,Percent,2017,4.90E-05,9.88E-05,1.65E-05
Deaths,Slovenia,Both,All Ages,All causes,Unsafe water source,Rate,2017,0.046990517,0.095684327,0.015953382
Deaths,Belgium,Both,All Ages,All causes,Unsafe water source,Number,2017,28.46653518,62.79409543,8.710984529
Deaths,Belgium,Both,All Ages,All causes,Unsafe water source,Percent,2017,0.000258387,0.000564709,7.83E-05
Deaths,Belgium,Both,All Ages,All causes,Unsafe water source,Rate,2017,0.251259217,0.554250636,0.076887304
Deaths,Italy,Both,All Ages,All causes,Unsafe water source,Number,2017,51.37691372,108.7064493,17.5311916
Deaths,Italy,Both,All Ages,All causes,Unsafe water source,Percent,2017,8.35E-05,0.00017628,2.86E-05
Deaths,Italy,Both,All Ages,All causes,Unsafe water source,Rate,2017,0.084791676,0.179407469,0.028933212
Deaths,Trinidad and Tobago,Both,All Ages,All causes,Unsafe water source,Number,2017,16.68801503,23.70057846,10.72586387
Deaths,Trinidad and Tobago,Both,All Ages,All causes,Unsafe water source,Percent,2017,0.001488778,0.001955307,0.000971668
Deaths,Trinidad and Tobago,Both,All Ages,All causes,Unsafe water source,Rate,2017,1.207175597,1.714449555,0.775886233
Deaths,Singapore,Both,All Ages,All causes,Unsafe water source,Number,2017,5.242265754,10.42751219,1.825221749
Deaths,Singapore,Both,All Ages,All causes,Unsafe water source,Percent,2017,0.000247474,0.00049234,8.69E-05
Deaths,Singapore,Both,All Ages,All causes,Unsafe water source,Rate,2017,0.093407179,0.185798382,0.032521971
Deaths,Argentina,Both,All Ages,All causes,Unsafe water source,Number,2017,333.9140122,511.6053218,159.6955645
Deaths,Argentina,Both,All Ages,All causes,Unsafe water source,Percent,2017,0.000959013,0.00147017,0.000455084
Deaths,Argentina,Both,All Ages,All causes,Unsafe water source,Rate,2017,0.752842185,1.153464826,0.360049454
Deaths,Serbia,Both,All Ages,All causes,Unsafe water source,Number,2017,15.65824233,34.80331198,3.023882727
Deaths,Serbia,Both,All Ages,All causes,Unsafe water source,Percent,2017,0.000136344,0.000297926,2.64E-05
Deaths,Serbia,Both,All Ages,All causes,Unsafe water source,Rate,2017,0.177386873,0.394274819,0.034256533
Deaths,Belarus,Both,All Ages,All causes,Unsafe water source,Number,2017,4.702463345,8.111570974,1.966946374
Deaths,Belarus,Both,All Ages,All causes,Unsafe water source,Percent,2017,3.84E-05,6.58E-05,1.61E-05
Deaths,Belarus,Both,All Ages,All causes,Unsafe water source,Rate,2017,0.049269815,0.084988563,0.020608578
Deaths,Austria,Both,All Ages,All causes,Unsafe water source,Number,2017,3.553258911,8.031473764,1.087912838
Deaths,Austria,Both,All Ages,All causes,Unsafe water source,Percent,2017,4.41E-05,0.000100572,1.35E-05
Deaths,Austria,Both,All Ages,All causes,Unsafe water source,Rate,2017,0.040369559,0.091247799,0.012360079
Deaths,Denmark,Both,All Ages,All causes,Unsafe water source,Number,2017,9.916683278,21.28488942,3.042739414
Deaths,Denmark,Both,All Ages,All causes,Unsafe water source,Percent,2017,0.000185586,0.000397914,5.69E-05
Deaths,Denmark,Both,All Ages,All causes,Unsafe water source,Rate,2017,0.172707745,0.370695034,0.052991978
Deaths,Saint Lucia,Both,All Ages,All causes,Unsafe water source,Number,2017,3.320178776,4.277833142,2.298959238
Deaths,Saint Lucia,Both,All Ages,All causes,Unsafe water source,Percent,2017,0.002467962,0.003072876,0.001739772
Deaths,Saint Lucia,Both,All Ages,All causes,Unsafe water source,Rate,2017,1.909783384,2.460630949,1.322372814
Deaths,Tajikistan,Both,All Ages,All causes,Unsafe water source,Number,2017,588.1742095,919.062254,314.6846715
Deaths,Tajikistan,Both,All Ages,All causes,Unsafe water source,Percent,2017,0.011818465,0.018349268,0.006396626
Deaths,Tajikistan,Both,All Ages,All causes,Unsafe water source,Rate,2017,6.466432742,10.10424149,3.459667613
Deaths,Republic of Moldova,Both,All Ages,All causes,Unsafe water source,Number,2017,5.707147971,7.767285241,3.49710778
Deaths,Republic of Moldova,Both,All Ages,All causes,Unsafe water source,Percent,2017,0.000135484,0.000184784,8.24E-05
Deaths,Republic of Moldova,Both,All Ages,All causes,Unsafe water source,Rate,2017,0.153026543,0.208265287,0.093768432
Deaths,Latvia,Both,All Ages,All causes,Unsafe water source,Number,2017,1.533363609,2.661949526,0.630963414
Deaths,Latvia,Both,All Ages,All causes,Unsafe water source,Percent,2017,5.64E-05,9.60E-05,2.39E-05
Deaths,Latvia,Both,All Ages,All causes,Unsafe water source,Rate,2017,0.078593109,0.136439191,0.032340259
Deaths,New Zealand,Both,All Ages,All causes,Unsafe water source,Number,2017,13.60183908,28.04983116,4.97959944
Deaths,New Zealand,Both,All Ages,All causes,Unsafe water source,Percent,2017,0.000424109,0.000878031,0.000155016
Deaths,New Zealand,Both,All Ages,All causes,Unsafe water source,Rate,2017,0.305728199,0.630475358,0.111926333
Deaths,Russian Federation,Both,All Ages,All causes,Unsafe water source,Number,2017,168.3222048,255.5757011,82.0199851
Deaths,Russian Federation,Both,All Ages,All causes,Unsafe water source,Percent,2017,9.59E-05,0.000145644,4.69E-05
Deaths,Russian Federation,Both,All Ages,All causes,Unsafe water source,Rate,2017,0.114849014,0.174383513,0.055963588
Deaths,Jamaica,Both,All Ages,All causes,Unsafe water source,Number,2017,33.08344693,43.68723508,22.25208091
Deaths,Jamaica,Both,All Ages,All causes,Unsafe water source,Percent,2017,0.001749129,0.002187808,0.001227592
Deaths,Jamaica,Both,All Ages,All causes,Unsafe water source,Rate,2017,1.181304152,1.559931536,0.794550689
Deaths,Saint Vincent and the Grenadines,Both,All Ages,All causes,Unsafe water source,Number,2017,3.171458248,3.945805326,2.290285615
Deaths,Saint Vincent and the Grenadines,Both,All Ages,All causes,Unsafe water source,Percent,2017,0.00317683,0.003872919,0.002324993
Deaths,Saint Vincent and the Grenadines,Both,All Ages,All causes,Unsafe water source,Rate,2017,2.809269158,3.49518371,2.028728817
Deaths,Antigua and Barbuda,Both,All Ages,All causes,Unsafe water source,Number,2017,1.126588837,1.45712185,0.778593462
Deaths,Antigua and Barbuda,Both,All Ages,All causes,Unsafe water source,Percent,2017,0.001911406,0.002394079,0.001319184
Deaths,Antigua and Barbuda,Both,All Ages,All causes,Unsafe water source,Rate,2017,1.279108148,1.654389224,0.884000629
Deaths,Finland,Both,All Ages,All causes,Unsafe water source,Number,2017,1.271827354,2.931563598,0.374857824
Deaths,Finland,Both,All Ages,All causes,Unsafe water source,Percent,2017,2.35E-05,5.42E-05,6.94E-06
Deaths,Finland,Both,All Ages,All causes,Unsafe water source,Rate,2017,0.023039647,0.053106413,0.006790695
Deaths,Uruguay,Both,All Ages,All causes,Unsafe water source,Number,2017,59.7266231,101.8736465,27.25428725
Deaths,Uruguay,Both,All Ages,All causes,Unsafe water source,Percent,2017,0.001793572,0.003054482,0.000817005
Deaths,Uruguay,Both,All Ages,All causes,Unsafe water source,Rate,2017,1.74567718,2.977541518,0.796582576
Deaths,Republic of Korea,Both,All Ages,All causes,Unsafe water source,Number,2017,132.1607792,314.0578484,35.94601801
Deaths,Republic of Korea,Both,All Ages,All causes,Unsafe water source,Percent,2017,0.000452485,0.001065289,0.000122853
Deaths,Republic of Korea,Both,All Ages,All causes,Unsafe water source,Rate,2017,0.251005822,0.59647309,0.068270328
Deaths,Peru,Both,All Ages,All causes,Unsafe water source,Number,2017,725.3968304,1248.509537,335.3633112
Deaths,Peru,Both,All Ages,All causes,Unsafe water source,Percent,2017,0.004940102,0.008262447,0.002347399
Deaths,Peru,Both,All Ages,All causes,Unsafe water source,Rate,2017,2.182627378,3.756607395,1.009065816
Deaths,Norway,Both,All Ages,All causes,Unsafe water source,Number,2017,7.726568921,16.81012364,2.47237393
Deaths,Norway,Both,All Ages,All causes,Unsafe water source,Percent,2017,0.000191553,0.000417795,6.08E-05
Deaths,Norway,Both,All Ages,All causes,Unsafe water source,Rate,2017,0.146749697,0.319272445,0.04695747
Deaths,Dominica,Both,All Ages,All causes,Unsafe water source,Number,2017,1.400651119,2.325874017,0.780014142
Deaths,Dominica,Both,All Ages,All causes,Unsafe water source,Percent,2017,0.001774833,0.002908622,0.001021743
Deaths,Dominica,Both,All Ages,All causes,Unsafe water source,Rate,2017,2.032100252,3.374437156,1.131664348
Deaths,Canada,Both,All Ages,All causes,Unsafe water source,Number,2017,57.29626619,126.5497475,18.37232885
Deaths,Canada,Both,All Ages,All causes,Unsafe water source,Percent,2017,0.000214467,0.000473273,6.85E-05
Deaths,Canada,Both,All Ages,All causes,Unsafe water source,Rate,2017,0.159264024,0.351765017,0.051068791
Deaths,Spain,Both,All Ages,All causes,Unsafe water source,Number,2017,52.97734821,113.1908792,16.68661401
Deaths,Spain,Both,All Ages,All causes,Unsafe water source,Percent,2017,0.000127961,0.000271536,4.02E-05
Deaths,Spain,Both,All Ages,All causes,Unsafe water source,Rate,2017,0.114200801,0.244000305,0.035970556
Deaths,France,Both,All Ages,All causes,Unsafe water source,Number,2017,81.45890565,184.1866224,25.33452254
Deaths,France,Both,All Ages,All causes,Unsafe water source,Percent,2017,0.000141648,0.000322553,4.40E-05
Deaths,France,Both,All Ages,All causes,Unsafe water source,Rate,2017,0.123756381,0.279825387,0.038489454
Deaths,Libya,Both,All Ages,All causes,Unsafe water source,Number,2017,36.64065886,62.43895428,16.18281179
Deaths,Libya,Both,All Ages,All causes,Unsafe water source,Percent,2017,0.001212009,0.002065952,0.000556242
Deaths,Libya,Both,All Ages,All causes,Unsafe water source,Rate,2017,0.552636709,0.941742296,0.244079013
Deaths,Turkmenistan,Both,All Ages,All causes,Unsafe water source,Number,2017,50.9994063,77.26021878,28.11361556
Deaths,Turkmenistan,Both,All Ages,All causes,Unsafe water source,Percent,2017,0.001569379,0.002374692,0.000901959
Deaths,Turkmenistan,Both,All Ages,All causes,Unsafe water source,Rate,2017,1.025790868,1.553995088,0.565471095
Deaths,Djibouti,Both,All Ages,All causes,Unsafe water source,Number,2017,284.3782813,464.3734538,140.212424
Deaths,Djibouti,Both,All Ages,All causes,Unsafe water source,Percent,2017,0.038531159,0.059322151,0.020169803
Deaths,Djibouti,Both,All Ages,All causes,Unsafe water source,Rate,2017,24.88336226,40.63310609,12.2687166
Deaths,Luxembourg,Both,All Ages,All causes,Unsafe water source,Number,2017,0.424340781,0.938412494,0.136779616
Deaths,Luxembourg,Both,All Ages,All causes,Unsafe water source,Percent,2017,0.000108462,0.000240078,3.47E-05
Deaths,Luxembourg,Both,All Ages,All causes,Unsafe water source,Rate,2017,0.071782229,0.1587435,0.023137879
Deaths,Chile,Both,All Ages,All causes,Unsafe water source,Number,2017,110.2404906,200.4023768,44.85202853
Deaths,Chile,Both,All Ages,All causes,Unsafe water source,Percent,2017,0.001030378,0.001882115,0.000425072
Deaths,Chile,Both,All Ages,All causes,Unsafe water source,Rate,2017,0.615513734,1.118921139,0.250425587
Deaths,Palestine,Both,All Ages,All causes,Unsafe water source,Number,2017,23.37895222,35.96426283,13.97251464
Deaths,Palestine,Both,All Ages,All causes,Unsafe water source,Percent,2017,0.001465615,0.00221979,0.000880519
Deaths,Palestine,Both,All Ages,All causes,Unsafe water source,Rate,2017,0.487527246,0.749971933,0.291372407
Deaths,United States of America,Both,All Ages,All causes,Unsafe water source,Number,2017,373.5273578,794.2061646,130.0720297
Deaths,United States of America,Both,All Ages,All causes,Unsafe water source,Percent,2017,0.00013389,0.000285092,4.67E-05
Deaths,United States of America,Both,All Ages,All causes,Unsafe water source,Rate,2017,0.115090071,0.244708297,0.040077383
Deaths,Switzerland,Both,All Ages,All causes,Unsafe water source,Number,2017,5.159665649,12.14887834,1.696665107
Deaths,Switzerland,Both,All Ages,All causes,Unsafe water source,Percent,2017,7.66E-05,0.000181951,2.50E-05
Deaths,Switzerland,Both,All Ages,All causes,Unsafe water source,Rate,2017,0.059938144,0.141129536,0.019709602
Deaths,Cyprus,Both,All Ages,All causes,Unsafe water source,Number,2017,0.958559371,2.424811361,0.200024638
Deaths,Cyprus,Both,All Ages,All causes,Unsafe water source,Percent,2017,0.000119867,0.00030551,2.45E-05
Deaths,Cyprus,Both,All Ages,All causes,Unsafe water source,Rate,2017,0.075195199,0.19021688,0.015691143
Deaths,Ukraine,Both,All Ages,All causes,Unsafe water source,Number,2017,47.20776774,68.54227096,24.50529076
Deaths,Ukraine,Both,All Ages,All causes,Unsafe water source,Percent,2017,6.84E-05,9.89E-05,3.54E-05
Deaths,Ukraine,Both,All Ages,All causes,Unsafe water source,Rate,2017,0.10561133,0.153340028,0.054822257
Deaths,Oman,Both,All Ages,All causes,Unsafe water source,Number,2017,22.09287211,35.06370696,10.69863856
Deaths,Oman,Both,All Ages,All causes,Unsafe water source,Percent,2017,0.001685813,0.002671069,0.000812522
Deaths,Oman,Both,All Ages,All causes,Unsafe water source,Rate,2017,0.489934848,0.777578029,0.237254615
Deaths,Costa Rica,Both,All Ages,All causes,Unsafe water source,Number,2017,55.42670599,85.89727681,26.87193785
Deaths,Costa Rica,Both,All Ages,All causes,Unsafe water source,Percent,2017,0.002374358,0.003632194,0.0011335
Deaths,Costa Rica,Both,All Ages,All causes,Unsafe water source,Rate,2017,1.191666326,1.846779281,0.577742857
Deaths,Lebanon,Both,All Ages,All causes,Unsafe water source,Number,2017,41.44736647,77.24646487,20.78370193
Deaths,Lebanon,Both,All Ages,All causes,Unsafe water source,Percent,2017,0.001236179,0.002293742,0.000630204
Deaths,Lebanon,Both,All Ages,All causes,Unsafe water source,Rate,2017,0.815653056,1.520152436,0.409007651
Deaths,United Kingdom,Both,All Ages,All causes,Unsafe water source,Number,2017,38.09005751,85.50897311,11.63603736
Deaths,United Kingdom,Both,All Ages,All causes,Unsafe water source,Percent,2017,6.41E-05,0.000143548,1.95E-05
Deaths,United Kingdom,Both,All Ages,All causes,Unsafe water source,Rate,2017,0.057257941,0.128539259,0.017491587
Deaths,Qatar,Both,All Ages,All causes,Unsafe water source,Number,2017,2.296266138,3.893391666,1.086257002
Deaths,Qatar,Both,All Ages,All causes,Unsafe water source,Percent,2017,0.000583645,0.001008514,0.000274152
Deaths,Qatar,Both,All Ages,All causes,Unsafe water source,Rate,2017,0.086337343,0.146387689,0.040842193
Deaths,Sweden,Both,All Ages,All causes,Unsafe water source,Number,2017,20.99691379,45.84226105,6.744075225
Deaths,Sweden,Both,All Ages,All causes,Unsafe water source,Percent,2017,0.000226337,0.000494099,7.22E-05
Deaths,Sweden,Both,All Ages,All causes,Unsafe water source,Rate,2017,0.208944182,0.456184839,0.067111543
Deaths,Portugal,Both,All Ages,All causes,Unsafe water source,Number,2017,26.45190373,55.41348021,8.613880021
Deaths,Portugal,Both,All Ages,All causes,Unsafe water source,Percent,2017,0.000235563,0.000493182,7.64E-05
Deaths,Portugal,Both,All Ages,All causes,Unsafe water source,Rate,2017,0.247071958,0.517585319,0.080457279
Deaths,Nicaragua,Both,All Ages,All causes,Unsafe water source,Number,2017,148.30502,226.9980009,89.69222983
Deaths,Nicaragua,Both,All Ages,All causes,Unsafe water source,Percent,2017,0.005273154,0.007958517,0.003203291
Deaths,Nicaragua,Both,All Ages,All causes,Unsafe water source,Rate,2017,2.338679968,3.579620416,1.414391914
Deaths,Seychelles,Both,All Ages,All causes,Unsafe water source,Number,2017,3.640756352,6.409750501,1.881533477
Deaths,Seychelles,Both,All Ages,All causes,Unsafe water source,Percent,2017,0.004749651,0.008186866,0.002477208
Deaths,Seychelles,Both,All Ages,All causes,Unsafe water source,Rate,2017,3.625679846,6.383207488,1.873741977
Deaths,Kenya,Both,All Ages,All causes,Unsafe water source,Number,2017,16768.66496,25097.9958,10888.49327
Deaths,Kenya,Both,All Ages,All causes,Unsafe water source,Percent,2017,0.057590335,0.08674437,0.037217024
Deaths,Kenya,Both,All Ages,All causes,Unsafe water source,Rate,2017,34.85328598,52.16560931,22.63148382
Deaths,Côte d'Ivoire,Both,All Ages,All causes,Unsafe water source,Number,2017,7229.17486,12720.26603,3613.928085
Deaths,Côte d'Ivoire,Both,All Ages,All causes,Unsafe water source,Percent,2017,0.038126431,0.065095625,0.019623373
Deaths,Côte d'Ivoire,Both,All Ages,All causes,Unsafe water source,Rate,2017,28.81091404,50.6949269,14.40282929
Deaths,Syrian Arab Republic,Both,All Ages,All causes,Unsafe water source,Number,2017,67.00902604,111.550397,31.78069011
Deaths,Syrian Arab Republic,Both,All Ages,All causes,Unsafe water source,Percent,2017,0.000631458,0.001026024,0.000308923
Deaths,Syrian Arab Republic,Both,All Ages,All causes,Unsafe water source,Rate,2017,0.465964503,0.775694386,0.220995205
Deaths,Ethiopia,Both,All Ages,All causes,Unsafe water source,Number,2017,47735.85594,65608.34752,31348.22132
Deaths,Ethiopia,Both,All Ages,All causes,Unsafe water source,Percent,2017,0.084074261,0.114400566,0.0572781
Deaths,Ethiopia,Both,All Ages,All causes,Unsafe water source,Rate,2017,46.57059158,64.00680362,30.58299015
Deaths,Cuba,Both,All Ages,All causes,Unsafe water source,Number,2017,205.3085597,254.647933,145.5083712
Deaths,Cuba,Both,All Ages,All causes,Unsafe water source,Percent,2017,0.001944464,0.002408558,0.001376401
Deaths,Cuba,Both,All Ages,All causes,Unsafe water source,Rate,2017,1.798579459,2.230810747,1.274707532
Deaths,Bolivia (Plurinational State of),Both,All Ages,All causes,Unsafe water source,Number,2017,470.2716432,819.7614324,226.4341838
Deaths,Bolivia (Plurinational State of),Both,All Ages,All causes,Unsafe water source,Percent,2017,0.006404535,0.011271168,0.003077661
Deaths,Bolivia (Plurinational State of),Both,All Ages,All causes,Unsafe water source,Rate,2017,4.058001712,7.07376969,1.953913911
Deaths,Mozambique,Both,All Ages,All causes,Unsafe water source,Number,2017,7982.283729,13147.88537,3884.246559
Deaths,Mozambique,Both,All Ages,All causes,Unsafe water source,Percent,2017,0.029923689,0.047231284,0.014991867
Deaths,Mozambique,Both,All Ages,All causes,Unsafe water source,Rate,2017,28.5774047,47.07079501,13.90600605
Deaths,Ghana,Both,All Ages,All causes,Unsafe water source,Number,2017,6578.854161,9864.21541,3793.111002
Deaths,Ghana,Both,All Ages,All causes,Unsafe water source,Percent,2017,0.03114134,0.045623315,0.019105822
Deaths,Ghana,Both,All Ages,All causes,Unsafe water source,Rate,2017,21.83560261,32.73990918,12.58955777
Deaths,Guyana,Both,All Ages,All causes,Unsafe water source,Number,2017,50.26224464,65.32417175,36.27872561
Deaths,Guyana,Both,All Ages,All causes,Unsafe water source,Percent,2017,0.007624718,0.009072554,0.005880492
Deaths,Guyana,Both,All Ages,All causes,Unsafe water source,Rate,2017,6.597836719,8.57498948,4.762244696
Deaths,Eritrea,Both,All Ages,All causes,Unsafe water source,Number,2017,3882.999771,7222.499541,2249.13195
Deaths,Eritrea,Both,All Ages,All causes,Unsafe water source,Percent,2017,0.09021679,0.164354725,0.055811231
Deaths,Eritrea,Both,All Ages,All causes,Unsafe water source,Rate,2017,60.57388782,112.6693028,35.08593214
Deaths,Angola,Both,All Ages,All causes,Unsafe water source,Number,2017,13021.58254,18979.68158,8147.670883
Deaths,Angola,Both,All Ages,All causes,Unsafe water source,Percent,2017,0.070505588,0.098662595,0.046257892
Deaths,Angola,Both,All Ages,All causes,Unsafe water source,Rate,2017,46.15030385,67.26663744,28.87648146
Deaths,Afghanistan,Both,All Ages,All causes,Unsafe water source,Number,2017,4631.961685,8094.029684,2555.425099
Deaths,Afghanistan,Both,All Ages,All causes,Unsafe water source,Percent,2017,0.018867859,0.032293566,0.010478652
Deaths,Afghanistan,Both,All Ages,All causes,Unsafe water source,Rate,2017,12.89755205,22.53757182,7.115501048
Deaths,Comoros,Both,All Ages,All causes,Unsafe water source,Number,2017,256.4376053,385.624449,153.7152951
Deaths,Comoros,Both,All Ages,All causes,Unsafe water source,Percent,2017,0.051935804,0.077841169,0.031120224
Deaths,Comoros,Both,All Ages,All causes,Unsafe water source,Rate,2017,36.74018009,55.24896274,22.02300875
Deaths,Belize,Both,All Ages,All causes,Unsafe water source,Number,2017,9.132738249,11.30977301,7.151325456
Deaths,Belize,Both,All Ages,All causes,Unsafe water source,Percent,2017,0.004966007,0.006137035,0.003958876
Deaths,Belize,Both,All Ages,All causes,Unsafe water source,Rate,2017,2.325040101,2.87927619,1.820606045
Deaths,El Salvador,Both,All Ages,All causes,Unsafe water source,Number,2017,224.0889103,396.7509478,119.1144229
Deaths,El Salvador,Both,All Ages,All causes,Unsafe water source,Percent,2017,0.005715351,0.010101118,0.003242574
Deaths,El Salvador,Both,All Ages,All causes,Unsafe water source,Rate,2017,3.617010197,6.403941284,1.922621166
Deaths,Haiti,Both,All Ages,All causes,Unsafe water source,Number,2017,3787.22501,5988.420263,2038.608106
Deaths,Haiti,Both,All Ages,All causes,Unsafe water source,Percent,2017,0.03843006,0.058028653,0.022214946
Deaths,Haiti,Both,All Ages,All causes,Unsafe water source,Rate,2017,31.79760096,50.27887105,17.11618584
Deaths,Mauritius,Both,All Ages,All causes,Unsafe water source,Number,2017,5.907758626,10.87131979,2.063753464
Deaths,Mauritius,Both,All Ages,All causes,Unsafe water source,Percent,2017,0.000577346,0.001062105,0.000199512
Deaths,Mauritius,Both,All Ages,All causes,Unsafe water source,Rate,2017,0.462932085,0.851876839,0.161715763
Deaths,Gabon,Both,All Ages,All causes,Unsafe water source,Number,2017,216.0000595,405.1140065,92.41408618
Deaths,Gabon,Both,All Ages,All causes,Unsafe water source,Percent,2017,0.018404674,0.032966109,0.007706736
Deaths,Gabon,Both,All Ages,All causes,Unsafe water source,Rate,2017,12.7449838,23.90356493,5.452850492
Deaths,Cameroon,Both,All Ages,All causes,Unsafe water source,Number,2017,17516.53984,27298.55101,8575.791144
Deaths,Cameroon,Both,All Ages,All causes,Unsafe water source,Percent,2017,0.082242236,0.121823556,0.040651982
Deaths,Cameroon,Both,All Ages,All causes,Unsafe water source,Rate,2017,63.67142557,99.22836788,31.17241491
Deaths,Morocco,Both,All Ages,All causes,Unsafe water source,Number,2017,1212.471333,2001.96539,638.7674471
Deaths,Morocco,Both,All Ages,All causes,Unsafe water source,Percent,2017,0.005471022,0.009265671,0.002814591
Deaths,Morocco,Both,All Ages,All causes,Unsafe water source,Rate,2017,3.416512787,5.641156344,1.799924741
Deaths,Algeria,Both,All Ages,All causes,Unsafe water source,Number,2017,298.6036124,502.5832491,140.3463604
Deaths,Algeria,Both,All Ages,All causes,Unsafe water source,Percent,2017,0.00156033,0.002629551,0.000734787
Deaths,Algeria,Both,All Ages,All causes,Unsafe water source,Rate,2017,0.735107747,1.237268488,0.345507196
Deaths,Rwanda,Both,All Ages,All causes,Unsafe water source,Number,2017,3306.359922,5261.532653,1827.306317
Deaths,Rwanda,Both,All Ages,All causes,Unsafe water source,Percent,2017,0.048896749,0.075214165,0.027964018
Deaths,Rwanda,Both,All Ages,All causes,Unsafe water source,Rate,2017,27.22100993,43.31779842,15.04407402
Deaths,Grenada,Both,All Ages,All causes,Unsafe water source,Number,2017,1.064266501,1.344658517,0.756791638
Deaths,Grenada,Both,All Ages,All causes,Unsafe water source,Percent,2017,0.001326793,0.001648419,0.000943093
Deaths,Grenada,Both,All Ages,All causes,Unsafe water source,Rate,2017,1.025210386,1.295312665,0.729019139
Deaths,Cabo Verde,Both,All Ages,All causes,Unsafe water source,Number,2017,37.00348564,63.19278907,22.02256424
Deaths,Cabo Verde,Both,All Ages,All causes,Unsafe water source,Percent,2017,0.011889505,0.020652572,0.007244288
Deaths,Cabo Verde,Both,All Ages,All causes,Unsafe water source,Rate,2017,6.692998549,11.42998391,3.983327191
Deaths,Malawi,Both,All Ages,All causes,Unsafe water source,Number,2017,6885.232858,9791.357296,4367.147227
Deaths,Malawi,Both,All Ages,All causes,Unsafe water source,Percent,2017,0.057759447,0.082031794,0.038786793
Deaths,Malawi,Both,All Ages,All causes,Unsafe water source,Rate,2017,39.39616586,56.02453017,24.98809554
Deaths,Colombia,Both,All Ages,All causes,Unsafe water source,Number,2017,517.4520862,714.9473557,311.7703674
Deaths,Colombia,Both,All Ages,All causes,Unsafe water source,Percent,2017,0.002214634,0.003026954,0.001314556
Deaths,Colombia,Both,All Ages,All causes,Unsafe water source,Rate,2017,1.097830266,1.516837726,0.661454373
Deaths,Madagascar,Both,All Ages,All causes,Unsafe water source,Number,2017,17236.6956,24101.48497,11213.62158
Deaths,Madagascar,Both,All Ages,All causes,Unsafe water source,Percent,2017,0.106236811,0.145094828,0.070572746
Deaths,Madagascar,Both,All Ages,All causes,Unsafe water source,Rate,2017,67.833617,94.84943856,44.13029788
Deaths,Monaco,Both,All Ages,All causes,Unsafe water source,Number,2017,0.006039566,0.015159178,0.001536906
Deaths,Monaco,Both,All Ages,All causes,Unsafe water source,Percent,2017,1.15E-05,2.86E-05,2.78E-06
Deaths,Monaco,Both,All Ages,All causes,Unsafe water source,Rate,2017,0.016210216,0.040687286,0.004125061
Deaths,Guatemala,Both,All Ages,All causes,Unsafe water source,Number,2017,2063.119073,2691.785493,1419.976437
Deaths,Guatemala,Both,All Ages,All causes,Unsafe water source,Percent,2017,0.023038151,0.028465325,0.015659745
Deaths,Guatemala,Both,All Ages,All causes,Unsafe water source,Rate,2017,12.0900053,15.77402938,8.321149695
Deaths,Barbados,Both,All Ages,All causes,Unsafe water source,Number,2017,2.883212672,3.983520171,1.686522621
Deaths,Barbados,Both,All Ages,All causes,Unsafe water source,Percent,2017,0.001012531,0.001370972,0.000602887
Deaths,Barbados,Both,All Ages,All causes,Unsafe water source,Rate,2017,0.976460737,1.349103061,0.57117643
Deaths,Saudi Arabia,Both,All Ages,All causes,Unsafe water source,Number,2017,155.7722876,269.4103584,68.35226391
Deaths,Saudi Arabia,Both,All Ages,All causes,Unsafe water source,Percent,2017,0.001284087,0.002185289,0.000584009
Deaths,Saudi Arabia,Both,All Ages,All causes,Unsafe water source,Rate,2017,0.456108161,0.788845469,0.200138458
Deaths,Gambia,Both,All Ages,All causes,Unsafe water source,Number,2017,509.2437693,771.0399429,309.3333351
Deaths,Gambia,Both,All Ages,All causes,Unsafe water source,Percent,2017,0.037791305,0.05531192,0.023142605
Deaths,Gambia,Both,All Ages,All causes,Unsafe water source,Rate,2017,23.79364157,36.02567011,14.4531302
Deaths,Turkey,Both,All Ages,All causes,Unsafe water source,Number,2017,493.8503936,778.4512933,272.4651751
Deaths,Turkey,Both,All Ages,All causes,Unsafe water source,Percent,2017,0.001106764,0.001748123,0.00059539
Deaths,Turkey,Both,All Ages,All causes,Unsafe water source,Rate,2017,0.612215116,0.965028387,0.337768889
Deaths,Tunisia,Both,All Ages,All causes,Unsafe water source,Number,2017,79.72486259,143.6933537,34.59648775
Deaths,Tunisia,Both,All Ages,All causes,Unsafe water source,Percent,2017,0.001219852,0.002184913,0.000577923
Deaths,Tunisia,Both,All Ages,All causes,Unsafe water source,Rate,2017,0.69785565,1.257791051,0.302833441
Deaths,Guinea,Both,All Ages,All causes,Unsafe water source,Number,2017,6354.864167,9287.673602,3789.462417
Deaths,Guinea,Both,All Ages,All causes,Unsafe water source,Percent,2017,0.053777613,0.076770639,0.033767415
Deaths,Guinea,Both,All Ages,All causes,Unsafe water source,Rate,2017,53.01528321,77.48216696,31.61348819
Deaths,Somalia,Both,All Ages,All causes,Unsafe water source,Number,2017,13739.89208,21177.77415,8223.154661
Deaths,Somalia,Both,All Ages,All causes,Unsafe water source,Percent,2017,0.074871457,0.110646195,0.047337041
Deaths,Somalia,Both,All Ages,All causes,Unsafe water source,Rate,2017,72.49319832,111.7362911,43.3862783
Deaths,Honduras,Both,All Ages,All causes,Unsafe water source,Number,2017,837.034507,1449.560906,428.852713
Deaths,Honduras,Both,All Ages,All causes,Unsafe water source,Percent,2017,0.016608735,0.02841262,0.008709623
Deaths,Honduras,Both,All Ages,All causes,Unsafe water source,Rate,2017,8.907758313,15.4262914,4.563869575
Deaths,Niue,Both,All Ages,All causes,Unsafe water source,Number,2017,0.092368289,0.190688969,0.039008484
Deaths,Niue,Both,All Ages,All causes,Unsafe water source,Percent,2017,0.004669516,0.009594228,0.002032579
Deaths,Niue,Both,All Ages,All causes,Unsafe water source,Rate,2017,5.565625902,11.48991143,2.350445485
Deaths,Chad,Both,All Ages,All causes,Unsafe water source,Number,2017,27131.17621,39036.38922,17564.64994
Deaths,Chad,Both,All Ages,All causes,Unsafe water source,Percent,2017,0.176746616,0.247206043,0.117292428
Deaths,Chad,Both,All Ages,All causes,Unsafe water source,Rate,2017,178.1900196,256.3801476,115.3597357
Deaths,Palau,Both,All Ages,All causes,Unsafe water source,Number,2017,0.933235772,1.779716417,0.417459564
Deaths,Palau,Both,All Ages,All causes,Unsafe water source,Percent,2017,0.004707022,0.008527975,0.002199691
Deaths,Palau,Both,All Ages,All causes,Unsafe water source,Rate,2017,5.191522034,9.90043167,2.322296884
Deaths,Togo,Both,All Ages,All causes,Unsafe water source,Number,2017,5794.143889,8447.561189,2953.657414
Deaths,Togo,Both,All Ages,All causes,Unsafe water source,Percent,2017,0.10582061,0.151083923,0.055317849
Deaths,Togo,Both,All Ages,All causes,Unsafe water source,Rate,2017,76.41506095,111.4091945,38.95379812
Deaths,Mexico,Both,All Ages,All causes,Unsafe water source,Number,2017,2370.920764,3383.181006,1268.103922
Deaths,Mexico,Both,All Ages,All causes,Unsafe water source,Percent,2017,0.003373221,0.004812841,0.001800699
Deaths,Mexico,Both,All Ages,All causes,Unsafe water source,Rate,2017,1.930865036,2.755244299,1.03273697
Deaths,Dominican Republic,Both,All Ages,All causes,Unsafe water source,Number,2017,468.6775991,728.9088931,258.0404739
Deaths,Dominican Republic,Both,All Ages,All causes,Unsafe water source,Percent,2017,0.006634874,0.010067715,0.003819257
Deaths,Dominican Republic,Both,All Ages,All causes,Unsafe water source,Rate,2017,4.405961558,6.852353449,2.425796348
Deaths,Panama,Both,All Ages,All causes,Unsafe water source,Number,2017,119.1174581,166.5420716,70.34230455
Deaths,Panama,Both,All Ages,All causes,Unsafe water source,Percent,2017,0.006236809,0.008498741,0.003745431
Deaths,Panama,Both,All Ages,All causes,Unsafe water source,Rate,2017,2.962662507,4.142196778,1.749537906
Deaths,Central African Republic,Both,All Ages,All causes,Unsafe water source,Number,2017,7681.534169,11163.83526,4455.135168
Deaths,Central African Republic,Both,All Ages,All causes,Unsafe water source,Percent,2017,0.10842002,0.149779875,0.066479261
Deaths,Central African Republic,Both,All Ages,All causes,Unsafe water source,Rate,2017,152.267541,221.2956038,88.3121082
Deaths,South Sudan,Both,All Ages,All causes,Unsafe water source,Number,2017,6289.575621,9222.619572,3860.93231
Deaths,South Sudan,Both,All Ages,All causes,Unsafe water source,Percent,2017,0.083003276,0.115645169,0.05429089
Deaths,South Sudan,Both,All Ages,All causes,Unsafe water source,Rate,2017,71.66298895,105.0818886,43.9911953
Deaths,Paraguay,Both,All Ages,All causes,Unsafe water source,Number,2017,111.785027,186.1592353,57.19098
Deaths,Paraguay,Both,All Ages,All causes,Unsafe water source,Percent,2017,0.003377527,0.00554382,0.001765086
Deaths,Paraguay,Both,All Ages,All causes,Unsafe water source,Rate,2017,1.654777848,2.755755285,0.846610404
Deaths,United Arab Emirates,Both,All Ages,All causes,Unsafe water source,Number,2017,23.95867985,45.0775983,7.933826279
Deaths,United Arab Emirates,Both,All Ages,All causes,Unsafe water source,Percent,2017,0.000930313,0.001685488,0.000304548
Deaths,United Arab Emirates,Both,All Ages,All causes,Unsafe water source,Rate,2017,0.261366205,0.491753339,0.086550431
Deaths,Botswana,Both,All Ages,All causes,Unsafe water source,Number,2017,420.3446211,714.5181191,209.2041901
Deaths,Botswana,Both,All Ages,All causes,Unsafe water source,Percent,2017,0.020201732,0.033581102,0.010401306
Deaths,Botswana,Both,All Ages,All causes,Unsafe water source,Rate,2017,18.55324764,31.53753121,9.233892742
Deaths,Iraq,Both,All Ages,All causes,Unsafe water source,Number,2017,448.7578837,695.1027157,240.9636674
Deaths,Iraq,Both,All Ages,All causes,Unsafe water source,Percent,2017,0.002314729,0.003521959,0.001243143
Deaths,Iraq,Both,All Ages,All causes,Unsafe water source,Rate,2017,1.107183187,1.714969403,0.594509714
Deaths,Bermuda,Both,All Ages,All causes,Unsafe water source,Number,2017,0.314808933,0.427395992,0.212151185
Deaths,Bermuda,Both,All Ages,All causes,Unsafe water source,Percent,2017,0.000570228,0.000752306,0.000378768
Deaths,Bermuda,Both,All Ages,All causes,Unsafe water source,Rate,2017,0.488000054,0.662526522,0.328865477
Deaths,United Republic of Tanzania,Both,All Ages,All causes,Unsafe water source,Number,2017,14755.75163,23311.23291,8848.505656
Deaths,United Republic of Tanzania,Both,All Ages,All causes,Unsafe water source,Percent,2017,0.04072417,0.061913862,0.025494851
Deaths,United Republic of Tanzania,Both,All Ages,All causes,Unsafe water source,Rate,2017,27.39840998,43.28418723,16.42986353
Deaths,Nauru,Both,All Ages,All causes,Unsafe water source,Number,2017,0.292903334,0.503346236,0.157477993
Deaths,Nauru,Both,All Ages,All causes,Unsafe water source,Percent,2017,0.004372722,0.007292534,0.002395808
Deaths,Nauru,Both,All Ages,All causes,Unsafe water source,Rate,2017,2.799489548,4.810844947,1.505131367
Deaths,Brazil,Both,All Ages,All causes,Unsafe water source,Number,2017,4464.791946,5969.6906,2718.980612
Deaths,Brazil,Both,All Ages,All causes,Unsafe water source,Percent,2017,0.003277537,0.004370209,0.001988537
Deaths,Brazil,Both,All Ages,All causes,Unsafe water source,Rate,2017,2.095108978,2.801284478,1.275884915
Deaths,Bahrain,Both,All Ages,All causes,Unsafe water source,Number,2017,5.779326945,10.08067708,2.587219133
Deaths,Bahrain,Both,All Ages,All causes,Unsafe water source,Percent,2017,0.001513424,0.002627534,0.00068911
Deaths,Bahrain,Both,All Ages,All causes,Unsafe water source,Rate,2017,0.406035976,0.708234297,0.181769271
Deaths,Saint Kitts and Nevis,Both,All Ages,All causes,Unsafe water source,Number,2017,1.856055265,2.422076205,1.277305664
Deaths,Saint Kitts and Nevis,Both,All Ages,All causes,Unsafe water source,Percent,2017,0.004038846,0.005110044,0.00279401
Deaths,Saint Kitts and Nevis,Both,All Ages,All causes,Unsafe water source,Rate,2017,3.171041742,4.138079773,2.182256991
Deaths,Puerto Rico,Both,All Ages,All causes,Unsafe water source,Number,2017,65.64275399,86.48264245,44.05884223
Deaths,Puerto Rico,Both,All Ages,All causes,Unsafe water source,Percent,2017,0.001965173,0.002610744,0.00128741
Deaths,Puerto Rico,Both,All Ages,All causes,Unsafe water source,Rate,2017,1.815824531,2.392302183,1.21876554
Deaths,Bhutan,Both,All Ages,All causes,Unsafe water source,Number,2017,79.78167437,154.2770097,30.20230174
Deaths,Bhutan,Both,All Ages,All causes,Unsafe water source,Percent,2017,0.018999219,0.03629667,0.007247825
Deaths,Bhutan,Both,All Ages,All causes,Unsafe water source,Rate,2017,10.4876751,20.28043615,3.970234146
Deaths,Uganda,Both,All Ages,All causes,Unsafe water source,Number,2017,10471.34124,16407.9825,6249.024359
Deaths,Venezuela (Bolivarian Republic of),Both,All Ages,All causes,Unsafe water source,Number,2017,707.6438893,1040.393324,391.1127554
Deaths,Venezuela (Bolivarian Republic of),Both,All Ages,All causes,Unsafe water source,Percent,2017,0.004165335,0.006053481,0.002270872
Deaths,Venezuela (Bolivarian Republic of),Both,All Ages,All causes,Unsafe water source,Rate,2017,2.516757136,3.700190676,1.391004477
Deaths,Egypt,Both,All Ages,All causes,Unsafe water source,Number,2017,4036.179537,7143.228506,1760.502163
Deaths,Egypt,Both,All Ages,All causes,Unsafe water source,Percent,2017,0.007370289,0.012993936,0.003171706
Deaths,Egypt,Both,All Ages,All causes,Unsafe water source,Rate,2017,4.209079545,7.449226853,1.835917747
Deaths,Jordan,Both,All Ages,All causes,Unsafe water source,Number,2017,28.41332358,48.28325741,12.31508188
Deaths,Jordan,Both,All Ages,All causes,Unsafe water source,Percent,2017,0.000997274,0.001687729,0.000460415
Deaths,Jordan,Both,All Ages,All causes,Unsafe water source,Rate,2017,0.265949843,0.451933217,0.115269658
Deaths,Northern Mariana Islands,Both,All Ages,All causes,Unsafe water source,Number,2017,1.286786234,2.263065552,0.611017031
Deaths,Northern Mariana Islands,Both,All Ages,All causes,Unsafe water source,Percent,2017,0.003761093,0.00644991,0.001799151
Deaths,Northern Mariana Islands,Both,All Ages,All causes,Unsafe water source,Rate,2017,2.901543038,5.10293157,1.377767469
Deaths,Guinea-Bissau,Both,All Ages,All causes,Unsafe water source,Number,2017,1258.455959,2025.861401,710.0715793
Deaths,Guinea-Bissau,Both,All Ages,All causes,Unsafe water source,Percent,2017,0.083024474,0.127697079,0.049572416
Deaths,Guinea-Bissau,Both,All Ages,All causes,Unsafe water source,Rate,2017,69.04637015,111.1507917,38.95874524
Deaths,Uganda,Both,All Ages,All causes,Unsafe water source,Percent,2017,0.041882083,0.06374185,0.025464158
Deaths,Uganda,Both,All Ages,All causes,Unsafe water source,Rate,2017,26.81293522,42.0143095,16.00126302
Deaths,Cook Islands,Both,All Ages,All causes,Unsafe water source,Number,2017,0.378509987,0.680377092,0.166508908
Deaths,Cook Islands,Both,All Ages,All causes,Unsafe water source,Percent,2017,0.00238069,0.004304595,0.001057201
Deaths,Cook Islands,Both,All Ages,All causes,Unsafe water source,Rate,2017,2.103725002,3.781475655,0.92544177
Deaths,Kuwait,Both,All Ages,All causes,Unsafe water source,Number,2017,2.336895837,3.876583327,1.107297434
Deaths,Kuwait,Both,All Ages,All causes,Unsafe water source,Percent,2017,0.000260257,0.000427027,0.000122804
Deaths,Kuwait,Both,All Ages,All causes,Unsafe water source,Rate,2017,0.056724994,0.09409883,0.026878151
Deaths,India,Both,All Ages,All causes,Unsafe water source,Number,2017,530729.4956,871882.8889,301966.3637
Deaths,India,Both,All Ages,All causes,Unsafe water source,Percent,2017,0.058752048,0.096070539,0.033216401
Deaths,India,Both,All Ages,All causes,Unsafe water source,Rate,2017,39.05916723,64.16643478,22.22328851
Deaths,Iran (Islamic Republic of),Both,All Ages,All causes,Unsafe water source,Number,2017,550.232819,906.8308002,278.407322
Deaths,Iran (Islamic Republic of),Both,All Ages,All causes,Unsafe water source,Percent,2017,0.001443221,0.002378252,0.000736687
Deaths,Iran (Islamic Republic of),Both,All Ages,All causes,Unsafe water source,Rate,2017,0.665313967,1.096494385,0.33663619
Deaths,Liberia,Both,All Ages,All causes,Unsafe water source,Number,2017,2306.664057,3603.274085,1293.183241
Deaths,Liberia,Both,All Ages,All causes,Unsafe water source,Percent,2017,0.07573906,0.113871045,0.042706172
Deaths,Liberia,Both,All Ages,All causes,Unsafe water source,Rate,2017,50.06143678,78.20171178,28.06590361
Deaths,San Marino,Both,All Ages,All causes,Unsafe water source,Number,2017,0.004870563,0.012166893,0.001256944
Deaths,San Marino,Both,All Ages,All causes,Unsafe water source,Percent,2017,1.67E-05,4.16E-05,4.48E-06
Deaths,San Marino,Both,All Ages,All causes,Unsafe water source,Rate,2017,0.014875546,0.037159805,0.003838924
Deaths,Zambia,Both,All Ages,All causes,Unsafe water source,Number,2017,6864.307589,9876.082479,4543.259738
Deaths,Zambia,Both,All Ages,All causes,Unsafe water source,Percent,2017,0.054953366,0.076433103,0.037952191
Deaths,Zambia,Both,All Ages,All causes,Unsafe water source,Rate,2017,39.98199364,57.52444245,26.4627684
Deaths,Tokelau,Both,All Ages,All causes,Unsafe water source,Number,2017,0.085211839,0.160866858,0.040541117
Deaths,Tokelau,Both,All Ages,All causes,Unsafe water source,Percent,2017,0.007764876,0.01455413,0.003891932
Deaths,Tokelau,Both,All Ages,All causes,Unsafe water source,Rate,2017,6.247657851,11.79461796,2.972439429
Deaths,Yemen,Both,All Ages,All causes,Unsafe water source,Number,2017,6164.488548,11129.21284,2851.954643
Deaths,Yemen,Both,All Ages,All causes,Unsafe water source,Percent,2017,0.03563496,0.062931436,0.016873257
Deaths,Yemen,Both,All Ages,All causes,Unsafe water source,Rate,2017,20.40795268,36.84400534,9.441587074
Deaths,Nepal,Both,All Ages,All causes,Unsafe water source,Number,2017,5031.622919,8548.036978,2731.787087
Deaths,Nepal,Both,All Ages,All causes,Unsafe water source,Percent,2017,0.026696444,0.045051344,0.014269953
Deaths,Nepal,Both,All Ages,All causes,Unsafe water source,Rate,2017,16.87006282,28.65992207,9.159156101
Deaths,American Samoa,Both,All Ages,All causes,Unsafe water source,Number,2017,1.966331812,3.408854377,0.955754296
Deaths,American Samoa,Both,All Ages,All causes,Unsafe water source,Percent,2017,0.005288376,0.009130769,0.002535317
Deaths,American Samoa,Both,All Ages,All causes,Unsafe water source,Rate,2017,3.531405921,6.122084004,1.716473466
Deaths,Burundi,Both,All Ages,All causes,Unsafe water source,Number,2017,7782.070802,13288.34328,3626.050746
Deaths,Burundi,Both,All Ages,All causes,Unsafe water source,Percent,2017,0.094297952,0.155770891,0.04615405
Deaths,Burundi,Both,All Ages,All causes,Unsafe water source,Rate,2017,70.0720283,119.6521067,32.65001527
Deaths,Congo,Both,All Ages,All causes,Unsafe water source,Number,2017,1742.222829,2634.311696,848.294951
Deaths,Congo,Both,All Ages,All causes,Unsafe water source,Percent,2017,0.049222933,0.072821144,0.023962507
Deaths,Congo,Both,All Ages,All causes,Unsafe water source,Rate,2017,34.5507958,52.24220688,16.82291446
Deaths,Lesotho,Both,All Ages,All causes,Unsafe water source,Number,2017,1285.399848,2000.329226,765.4661515
Deaths,Lesotho,Both,All Ages,All causes,Unsafe water source,Percent,2017,0.038815642,0.059469072,0.023412746
Deaths,Lesotho,Both,All Ages,All causes,Unsafe water source,Rate,2017,62.37700495,97.07060898,37.14601801
Deaths,Bangladesh,Both,All Ages,All causes,Unsafe water source,Number,2017,28726.50088,61732.02849,13209.57045
Deaths,Bangladesh,Both,All Ages,All causes,Unsafe water source,Percent,2017,0.035176365,0.075376908,0.016483302
Deaths,Bangladesh,Both,All Ages,All causes,Unsafe water source,Rate,2017,18.38734111,39.51361393,8.45521976
Deaths,Burkina Faso,Both,All Ages,All causes,Unsafe water source,Number,2017,13556.94552,20407.57768,8335.727902
Deaths,Burkina Faso,Both,All Ages,All causes,Unsafe water source,Percent,2017,0.068154242,0.099000327,0.043033008
Deaths,Burkina Faso,Both,All Ages,All causes,Unsafe water source,Rate,2017,63.7159369,95.91304544,39.17687153
Deaths,Mali,Both,All Ages,All causes,Unsafe water source,Number,2017,12393.23336,19660.51116,7230.360573
Deaths,Mali,Both,All Ages,All causes,Unsafe water source,Percent,2017,0.06230781,0.094150639,0.037529072
Deaths,Mali,Both,All Ages,All causes,Unsafe water source,Rate,2017,60.79510744,96.444798,35.46859282
Deaths,Zimbabwe,Both,All Ages,All causes,Unsafe water source,Number,2017,4192.616336,6128.50871,2295.296208
Deaths,Zimbabwe,Both,All Ages,All causes,Unsafe water source,Percent,2017,0.032425852,0.045760048,0.017896428
Deaths,Zimbabwe,Both,All Ages,All causes,Unsafe water source,Rate,2017,28.83570404,42.15025873,15.78643902
Deaths,Equatorial Guinea,Both,All Ages,All causes,Unsafe water source,Number,2017,99.87953213,181.5830631,45.12091167
Deaths,Equatorial Guinea,Both,All Ages,All causes,Unsafe water source,Percent,2017,0.013622441,0.022958153,0.006356811
Deaths,Equatorial Guinea,Both,All Ages,All causes,Unsafe water source,Rate,2017,7.469770826,13.58019845,3.374493877
Deaths,Tuvalu,Both,All Ages,All causes,Unsafe water source,Number,2017,0.919365594,1.726576532,0.432821209
Deaths,Tuvalu,Both,All Ages,All causes,Unsafe water source,Percent,2017,0.008717525,0.015958469,0.004226665
Deaths,Tuvalu,Both,All Ages,All causes,Unsafe water source,Rate,2017,7.954488797,14.93859871,3.744833913
Deaths,Namibia,Both,All Ages,All causes,Unsafe water source,Number,2017,583.1620715,991.2959033,277.0888332
Deaths,Namibia,Both,All Ages,All causes,Unsafe water source,Percent,2017,0.030235609,0.050322488,0.015411619
Deaths,Namibia,Both,All Ages,All causes,Unsafe water source,Rate,2017,24.97513328,42.45431676,11.86690781
Deaths,Sierra Leone,Both,All Ages,All causes,Unsafe water source,Number,2017,3423.71559,6301.713657,1326.77067
Deaths,Sierra Leone,Both,All Ages,All causes,Unsafe water source,Percent,2017,0.047311382,0.082440043,0.018539673
Deaths,Sierra Leone,Both,All Ages,All causes,Unsafe water source,Rate,2017,43.70357728,80.44109463,16.93616861
Deaths,Democratic Republic of the Congo,Both,All Ages,All causes,Unsafe water source,Number,2017,35294.06687,61471.2821,16790.31949
Deaths,Democratic Republic of the Congo,Both,All Ages,All causes,Unsafe water source,Percent,2017,0.060862688,0.102563369,0.02930888
Deaths,Democratic Republic of the Congo,Both,All Ages,All causes,Unsafe water source,Rate,2017,42.37262839,73.79993366,20.1577781
Deaths,Pakistan,Both,All Ages,All causes,Unsafe water source,Number,2017,72574.41232,105449.1858,45842.02238
Deaths,Pakistan,Both,All Ages,All causes,Unsafe water source,Percent,2017,0.048120832,0.069460634,0.030768077
Deaths,Pakistan,Both,All Ages,All causes,Unsafe water source,Rate,2017,33.78607425,49.09049769,21.34115761
Deaths,Sudan,Both,All Ages,All causes,Unsafe water source,Number,2017,7723.063527,13371.69136,3591.653002
Deaths,Sudan,Both,All Ages,All causes,Unsafe water source,Percent,2017,0.037657355,0.063847979,0.017947492
Deaths,Sudan,Both,All Ages,All causes,Unsafe water source,Rate,2017,19.65050033,34.02282327,9.138572828
Deaths,Greenland,Both,All Ages,All causes,Unsafe water source,Number,2017,0.071542513,0.181707942,0.016929215
Deaths,Greenland,Both,All Ages,All causes,Unsafe water source,Percent,2017,0.00015322,0.000387351,3.62E-05
Deaths,Greenland,Both,All Ages,All causes,Unsafe water source,Rate,2017,0.12745052,0.323706435,0.030158813
Deaths,Nigeria,Both,All Ages,All causes,Unsafe water source,Number,2017,172466.2314,223617.3433,125105.0377
Deaths,Nigeria,Both,All Ages,All causes,Unsafe water source,Percent,2017,0.106265067,0.131836983,0.081545313
Deaths,Nigeria,Both,All Ages,All causes,Unsafe water source,Rate,2017,84.72818388,109.8573978,61.46085848
Deaths,Benin,Both,All Ages,All causes,Unsafe water source,Number,2017,5077.014467,9482.384115,2446.41039
Deaths,Benin,Both,All Ages,All causes,Unsafe water source,Percent,2017,0.054075103,0.096841533,0.02682919
Deaths,Benin,Both,All Ages,All causes,Unsafe water source,Rate,2017,42.74883792,79.8423767,20.59895672
Deaths,Sao Tome and Principe,Both,All Ages,All causes,Unsafe water source,Number,2017,10.2694109,17.07170219,5.387290185
Deaths,Sao Tome and Principe,Both,All Ages,All causes,Unsafe water source,Percent,2017,0.010207714,0.017055741,0.005473248
Deaths,Sao Tome and Principe,Both,All Ages,All causes,Unsafe water source,Rate,2017,5.161819312,8.580924741,2.707868911
Deaths,Mauritania,Both,All Ages,All causes,Unsafe water source,Number,2017,1493.438073,2335.385932,782.8819342
Deaths,Mauritania,Both,All Ages,All causes,Unsafe water source,Percent,2017,0.071705951,0.102466914,0.039219509
Deaths,Mauritania,Both,All Ages,All causes,Unsafe water source,Rate,2017,38.65486632,60.4471204,20.26344249
Deaths,Senegal,Both,All Ages,All causes,Unsafe water source,Number,2017,6220.690309,9373.894716,3687.154186
Deaths,Senegal,Both,All Ages,All causes,Unsafe water source,Percent,2017,0.06803266,0.099670086,0.040358775
Deaths,Senegal,Both,All Ages,All causes,Unsafe water source,Rate,2017,42.80748029,64.50615501,25.37303295
Deaths,South Africa,Both,All Ages,All causes,Unsafe water source,Number,2017,9974.430753,16481.87622,5806.206026
Deaths,South Africa,Both,All Ages,All causes,Unsafe water source,Percent,2017,0.01789266,0.029518106,0.010462174
Deaths,South Africa,Both,All Ages,All causes,Unsafe water source,Rate,2017,18.29400664,30.22924921,10.64910612
Deaths,Eswatini,Both,All Ages,All causes,Unsafe water source,Number,2017,423.0898082,693.6115911,229.9769546
Deaths,Eswatini,Both,All Ages,All causes,Unsafe water source,Percent,2017,0.035696277,0.055543437,0.020954004
Deaths,Eswatini,Both,All Ages,All causes,Unsafe water source,Rate,2017,37.6202979,61.67455273,20.44908995
Deaths,Niger,Both,All Ages,All causes,Unsafe water source,Number,2017,26515.28001,41036.91823,15727.12474
Deaths,Niger,Both,All Ages,All causes,Unsafe water source,Percent,2017,0.132695905,0.197655735,0.080311717
Deaths,Niger,Both,All Ages,All causes,Unsafe water source,Rate,2017,123.0105251,190.379768,72.96177415
Deaths,Guam,Both,All Ages,All causes,Unsafe water source,Number,2017,3.366310897,5.800854473,1.538842942
Deaths,Guam,Both,All Ages,All causes,Unsafe water source,Percent,2017,0.003165008,0.005517915,0.001460955
Deaths,Guam,Both,All Ages,All causes,Unsafe water source,Rate,2017,1.990539465,3.430113888,0.90993604
Deaths,United States Virgin Islands,Both,All Ages,All causes,Unsafe water source,Number,2017,0.823427033,1.443862455,0.423964264
Deaths,United States Virgin Islands,Both,All Ages,All causes,Unsafe water source,Percent,2017,0.000659109,0.001189139,0.000351177
Deaths,United States Virgin Islands,Both,All Ages,All causes,Unsafe water source,Rate,2017,0.7839199,1.374587505,0.40362292